category,question,option1,option2,option3,option4,correct_answer,explanation
チームみらいのビジョン,マニフェストが指摘する日本の現状として、**誤っている**ものはどれか？,平均年収が20年間増えていない,出生数が過去最少を更新している,デジタル分野で世界的な企業が多数生まれている,実質GDPがほとんど成長していない,3,マニフェストでは、日本から世界的なインターネット企業は生まれず、デジタル赤字が増え続けていると指摘しています。
チームみらいのビジョン,マニフェストが現在の政治に不足していると指摘している議論は何か？,社会保障の充実,どう成長するか,格差の是正,環境問題への対策,2,マニフェストは、現在の政治では『どう再分配するか』の話ばかりで『どう成長するか』の議論が不足していると指摘しています。
チームみらいのビジョン,マニフェストが日本の経済成長の糸口として最も重要視しているものは何か？,豊富な天然資源,急速な人口増加,テクノロジー、創造性、イノベーション,海外からの大規模投資,3,マニフェストは、天然資源も人口増加もない日本が経済的成長を生み出す糸口はテクノロジー、創造性、イノベーションにこそあると述べています。
チームみらいのビジョン,AIの発展に関して、マニフェストが日本にとってチャンスと捉えている点は何か？,AIを「作る」技術で世界をリードしている点,AIの倫理基準策定で主導権を握れる点,AIを「使いこなす」レースが始まったばかりである点,AIによる失業問題への対策が最も進んでいる点,3,マニフェストは、AIを「作る」レースでは米中に遅れをとっているものの、AIを「使いこなす」レースはまだ始まったばかりであり、日本にとってチャンスであると述べています。
チームみらいのビジョン,マニフェストが提案する「未来をつくるための3ステップ」の第一歩は何か？,長期の成長に大胆に投資する,デジタル時代の当たり前をやりきる,変化に対応できる、しなやかな仕組みづくり,AI研究開発に国家予算の半分を投入する,2,マニフェストが提案する3ステップの第一は「デジタル時代の当たり前をやりきる」ことです。
チームみらいのビジョン,「変化に対応できる、しなやかな仕組みづくり」の具体例として、マニフェストで挙げられて**いない**ものはどれか？,AGIが早期開発された場合のシナリオプランニング強化,国民の意見を継続的に集めるデジタル民主主義の実践,全ての税制を廃止し、ベーシックインカムを導入する,個人の特性に応じたきめ細かな指導をAIチューターで行う,3,マニフェストでは、個人の貯蓄額や景気動向などに基づいた税制アルゴリズムの設計は提案されていますが、全ての税制廃止とベーシックインカム導入は具体例として挙げられていません。
チームみらいのビジョン,このマニフェストの改善プロセスに関する記述として、正しいものはどれか？,完成版として公開されており、今後変更の予定はない,専門家チームのみで議論し、内容は非公開で進められる,意見は聞くが、最終的な意思決定は多数決で行われる,未熟なバージョンを公開し、批判や意見を取り入れて改善していく,4,マニフェストは作成途中版（バージョン0.1）であり、批判のリスクを取りながら公開し、意見を取り入れて改善していく方針です。意思決定はチームみらいの人が行います。
チームみらいのビジョン,チームみらいの党議拘束に関する考え方として、適切なものはどれか？,全ての法案に対して党議拘束をかけ、党の方針を徹底する,党議拘束は一切かけず、全議員の完全な自由投票を認める,マニフェストで掲げた政策やビジョンについては党議拘束をかけ、それ以外は原則自由投票とする,予算案や首相指名についても党議拘束はかけず、議員の判断に委ねる,3,チームみらいは、マニフェストで掲げた政策やビジョン、予算案や首相指名などの重要法案については党議拘束をかけ、それ以外の論点については原則自由投票とする方針です。
項目には「オンライン政策インデックス,STEP1の教育政策において、すべての子どもに届けられるとされているものは何ですか？,最新型タブレット端末,専属のAI家庭教師,プログラミング必修化,デジタル教科書の無償配布,2,STEP1教育の項目には「すべての子どもに「専属のAI家庭教師」を届けます」と記載されています。
政策インデックス,STEP1の行政改革において、国会・行政のDXを推進するために永田町に設置されるものは何ですか？,AIによる政策立案システム,デジタル改革担当大臣室,エンジニアチーム,全国統一オンライン窓口,3,STEP1行政改革の項目には「永田町にエンジ
ステップ１「デジタル時代の当たり前をやりきる」,マニフェストが指摘する、日本がデジタル技術活用において抱える大きな問題意識は何ですか？,最新技術の研究開発が国際的に遅れていること,デジタル技術を日常的に活用する基盤が十分に整備されていないこと,国民の多くがデジタル技術の利用を拒否していること,デジタル関連企業への政府支援が過剰であること,2,文書では「日本では、教育現場から企業、地域社会から政治に至るまで、デジタル技術を日常的に活用する基盤が十分に整備されていません」と指摘されています。
ステップ１「デジタル時代の当たり前をやりきる」,日本がDXやAIの社会実装で他国に遅れをとっている根本的な原因として、マニフェストは何を挙げていますか？,国民のデジタルリテラシーが著しく低いこと,企業が短期的な利益を優先しデジタル投資を怠ってきたこと,政治とテクノロジーの間に距離があり、リーダーシップが不足していたこと,海外の先進的なデジタル技術の導入に障壁があること,3,「これらの問題の根底には、政治とテクノロジーとの間に距離があり、デジタル化を強力に推進するためのリーダーシップが十分に発揮されてこなかったことがあります」と述べられています。
ステップ１「デジタル時代の当たり前をやりきる」,マニフェストが、直面する課題の多くを解決するために真に必要としているものは何だと述べていますか？,海外の成功事例をそのまま模倣すること,国民全員にプログラミング教育を施すこと,デジタル化を断行する明確な「意思決定」と「実装力」,デジタル技術に関する新たな法律を多数制定すること,3,「真に必要とされているのは、デジタル化を断行するという明確な「意思決定」と、それを着実に社会の隅々まで浸透させていく「実装力」です」と強調されています。
ステップ１「デジタル時代の当たり前をやりきる」,教育分野において、マニフェストがすべての子どもに届けることを目指しているものは何ですか？,高性能な学習用パソコン,全国統一のデジタル教科書,専属のAI家庭教師,オンライン英会話の無料受講権,3,教育分野の目標として「1）すべての子どもに「専属のAI家庭教師」を届けます」と記載されています。
ステップ１「デジタル時代の当たり前をやりきる」,行政改革の一環として、国会・行政のDXを推進するために永田町に設置するとされているものは何ですか？,デジタル倫理監視委員会,AI技術開発研究所,エンジニアチーム,サイバーセキュリティ対策本部,3,行政改革の項目で「1）永田町にエンジニアチームを設置し、国会・行政のDXを推進します」と述べられています。
ステップ１「デジタル時代の当たり前をやりきる」,デジタル民主主義の分野で、パブリックコメントの機能不全を解決するために活用するとされているものは何ですか？,市民参加型予算編成システム,ブロックチェーンを用いた投票システム,広聴AI,SNS上の意見集約プラットフォーム,3,デジタル民主主義の項目で「1）パブリックコメントの機能不全 - 広聴AIを活用して、聞き手の情報パンクを解決します」とあります。
ステップ１「デジタル時代の当たり前をやりきる」,マニフェストが目指す「当たり前」のデジタル化を推進することで生まれる短期的な余力を、何に再投資するとしていますか？,宇宙開発技術への投資,さらなる成長戦略や、きめ細やかな国民サービス,全国民へのベーシックインカム導入,文化財のデジタルアーカイブ化,2,「この「当たり前」を実践することで生まれる短期的な余力（時間、人材、予算）を、さらなる成長戦略や、きめ細やかな国民サービスへと再投資してまいります」と記載されています。
ステップ１「デジタル時代の当たり前をやりきる」,医療分野において、「通院のない通院」を実現するために充実させるとされているものは何ですか？,AIによる遠隔手術システム,オンライン診療 / 処方受け取り方法,全病院のカルテ情報の完全統一,自宅での高度医療機器の利用補助,2,医療分野の目標として「1）オンライン診療 / 処方受け取り方法を充実し、通院のない通院を実現します」と記載されています。
ステップ１教育,教育におけるAI導入の主な目的として、このマニフェストが掲げているものは何ですか？,子どもたちの学力向上と好奇心育成,学校の運営コストの大幅な削減,教員の評価制度のデジタル化と厳格化,全国統一のデジタル教育カリキュラムの作成,1,マニフェストのビジョンには「子ども一人ひとりの個性・特性に合わせた教育を実施し、子どもたちの学力を伸ばし、好奇心を育みます」と明記されています。
ステップ１教育,AIリテラシー教育を強化する目的として、子どもたちにどのような状態を目指していますか？,AIに全ての判断を委ねるようにする,AI開発の専門家になることのみを奨励する,AIに使われるのではなく、AIを使いこなせるようにする,AIの利用を避け、伝統的な学習方法に集中する,3,マニフェストでは「子どもたちが “AIに使われる”のではなく、”AIを使いこなす” ように進化するように育みます」と述べられています。
ステップ１教育,「すべての子どもに専属のAI家庭教師を届ける」ための短期的な政策として、まず何を行うとしていますか？,政府が独自の教育用AIを開発し、無償で配布する,ChatGPT等の既存の大規模言語モデル（LLM）を全児童生徒に配布する,AI家庭教師の利用を希望する家庭にのみ限定的に提供する,AI利用に関する完璧な法的枠組みが整備されるまで導入を見送る,2,政策概要の「足元では」の部分で「ChatGPT等の既存のAI（LLM: 大規模言語モデル）を全児童生徒に配布します」と記載されています。
ステップ１教育,中長期的に導入を目指す教育用AIについて、どのような特徴を持つAIへの移行を計画していますか？,生徒に直接的な答えを即座に教えるAI,生徒の思考プロセスを完全に代行するAI,答えは教えないが、生徒が詰まっている箇所の考え方を教えるAI,日本の学校特有の概念（古典、日本史など）をデータセットから排除したAI,3,政策概要の中長期的な方針として「『答えは教えないが詰まっている箇所の考え方は教える』というAIに移行していきます」と述べられています。
ステップ１教育,子どものAIリテラシーを育むため、中学校段階で提案されている具体的な教育改革は何ですか？,AIに関するクラブ活動への参加を義務化する,教科「情報」を新設し、授業時間を増やす,AIの利用を週に一度に制限する倫理規定を設ける,全生徒に最新のプログラミング用ノートPCを無償で貸与する,2,政策概要には「中学校に教科『情報』を新設します」「時間が圧倒的に不足しているため、教科として新設し、授業時間を増やします」と明記されています。
ステップ１教育,AIに特化した先進的な高校（Super AI High Schools：SAIS）を設立する主な目的は何ですか？,全ての高校で均一かつ標準的なAI教育プログラムを実施するため,AI分野での国際競争に勝つために、早期からエリート教育を行うため,特定の分野で才能を持つ「異能・異才」を集め、先進的なAI教育を行うため,AI関連企業の社員を常勤講師として雇用し、実践的な職業訓練を行うため,3,SAIS設立の目的として「全学校でアドバンスな学習を実施するのは難しいので、尖った学校を創って、そこに異能・異才を集めます」と記載されています。
ステップ１教育,AIとITを活用した教員の働き方改革において、具体的な目標として掲げられているものは何ですか？,教員の授業時間を半分に削減し、研究に専念させる,教材作成時間をAIの活用により3割削減する,全ての学校行事の企画・運営をAIに任せる,教員の最低年間休日数をOECD平均以上に引き上げる,2,政策概要には「国産 Copilot の開発・調達し、教材作成時間を3割削減することを目指す」と明記されています。
ステップ１教育,貧困世帯の子どもたちや保護者への支援において、AIを活用して実現を目指す「プッシュ型支援」とはどのようなものですか？,支援が必要な家庭からの申請があった場合にのみ、迅速に対応する支援,全ての家庭に対して、一律の金額の教育支援金を自動的に給付する支援,家庭の状況をAIが分析し、問題が顕在化する前に積極的に行政から支援を提案・提供する支援,支援制度に関する情報を集約したポータルサイトを構築し、各自で必要な情報を検索してもらう支援,3,政策概要には「AIを活用すれば、あらかじめ問題を検知し、行政から積極的に問題解決のための行動を起こすことができます。（プッシュ型支援）」と説明されています。
ステップ１子育て,このマニフェストが目指す子育て支援の最終的な目標は何ですか？,デジタル技術の導入そのもの,親子の笑顔とゆとりある時間の創出,全ての情報をデジタル化すること,保護者のITリテラシー向上,2,マニフェストのビジョンでは「デジタルはあくまで手段であり、その先にある親子の笑顔とゆとりある時間を創出することが私たちの目標です」と述べられています。
ステップ１子育て,現行の紙媒体の母子手帳に関する課題として、本文書で指摘されていないものはどれですか？,妊娠中の体調が不安定な時期に受け取りに行く手間,紛失のリスク,医療機関での個人情報保護の不備,妊婦健診の受診券・補助券の手続きの煩雑さ,3,本文書では、紙媒体の母子手帳の課題として、受け取りの手間、紛失リスク、アナログな手続きの負担を挙げていますが、医療機関での個人情報保護の不備については直接的な指摘はありません。
ステップ１子育て,「デジタル母子パスポート」の政策概要として、適切でないものはどれですか？,スマートフォン等からいつでもアクセス可能となる,妊婦健診の受診券・補助券を対象者に自動的にデジタル付与する仕組みを構築する,全ての妊婦健診費用を即時に国が全額負担する制度を導入する,産後の予防接種スケジュールをパスポート内で管理し、プッシュ通知でお知らせする,3,「妊婦健診は原則全額公費負担」の拡大を目指し、必要財源の確保や国から自治体への交付の最適化を検討するとありますが、デジタル母子パスポート導入で即時に全額国が負担するとは記載されていません。
ステップ１子育て,子育てに関する情報や相談の現状課題として、本文書で言及されているものはどれですか？,子育て支援情報が全体的に不足していること,相談窓口が全国の自治体に十分に設置されていないこと,男性特有の育児ストレスに対応する支援は既に充実していること,情報が氾濫し、自身に合った制度や手続きを正確に把握することが容易ではないこと,4,本文書では「子育てに関する情報は氾濫しています。その中から自身に合った制度や手続きを正確に把握することは容易ではありません」と指摘されています。
ステップ１子育て,「AI育児相談ポータル」の機能として、本文書で述べられていないものはどれですか？,個々の状況に合わせた公的制度や手続きの対話形式での案内,AIチャットボットによる24時間365日の日常的な育児相談対応,AIが判断した深刻なケースを自治体の専門家へスムーズに接続する仕組み,保護者同士が匿名で悩みを共有できるオンライン掲示板機能,4,本文書では、AIによる情報提供、相談対応、専門家への連携は述べられていますが、保護者同士のオンライン掲示板機能については言及されていません。
ステップ１子育て,保育に関する現状の課題として、本文書で挙げられていないものはどれですか？,希望する時期に子どもを預けられる保育所を見つける「保活」の負担,一時預かりなどのニーズに対する空き状況の把握や予約の困難さ,保育施設の絶対数が全国的に不足し、新規開設も進んでいないこと,資格を持ちながらも現場を離れている「潜在保育士」の存在,3,本文書では「保活」の負担、一時預かりの予約困難、潜在保育士の存在を課題としていますが、保育施設の絶対数不足や新規開設の停滞については直接的な言及はありません。
ステップ１子育て,「全国版保育マッチングプラットフォーム」が目指すこととして、最も適切なものはどれですか？,全ての保育施設を国営化し、運営を統一すること,保育料の完全無償化を即時実現すること,全国の保育施設の空き状況をリアルタイムで可視化し、預け先探しを容易にすること,潜在保育士の再就職を禁止し、現役保育士の待遇を改善すること,3,本文書では「全国の認可保育所、企業主導型保育、ベビーシッターなどの登録情報を集約し、空き状況をリアルタイムで可視化する」ことで、「保活」の負担軽減を目指すとしています。
ステップ１子育て,このマニフェスト文書に関する注意点として、冒頭で述べられていることは何ですか？,この文書は既に完成しており、今後内容が変更されることはない,この文書は特定の専門家グループによって最終決定されたものである,この文書は作成途中であり、今後内容が変更される可能性があり、意見を募集している,この文書は法的拘束力を持つ公式な政策文書である,3,冒頭に「本マニフェストは作成途中版であり、内容は今後変更の可能性があります。ご意見・ご指摘をもとに、より良いものへと進化させていきます」と記載されています。
ステップ１行政改革,このマニフェストが掲げる行政改革のビジョンの一つ「使いやすさ最優先の公共サービス」とは、具体的にどのような状態を目指すものですか？,全ての行政手続きを24時間オンラインで完結させること,行政職員の業務効率を最大限に高め、コストを削減すること,誰もが迷わず、負担なく、支援や制度にアクセスできる状態を実現すること,最新のAI技術を全ての公共サービスに導入し、完全自動化すること,3,ビジョンでは「誰もが迷わず、負担なく、支援や制度にアクセスできる使いやすさ最優先の公共サービスを実現します」と明記されています。
ステップ１行政改革,永田町にエンジニアチームを設置する主な目的は何ですか？,国会・行政のDXを推進し、政治・行政にテクノロジーを実装するため,海外の先進的な行政システムをそのまま導入するため,全ての国会議員にプログラミング教育を実施するため,民間企業向けの新しいソフトウェア市場を開拓するため,1,文書には「政党自らが手を動かして、政治・行政にテクノロジーを実装し」「エンジニアチームを設置し、国会・行政のDXを推進します」と記載されています。
ステップ１産業,このマニフェストが掲げる産業のビジョンにおいて、特に今後の日本経済の成長のカギを握ると位置づけられているものは何ですか？,ロボット技術,AI（人工知能）,バイオテクノロジー,宇宙開発,2,マニフェストでは「特にAIについては、今後の日本経済の成長のカギを握るものと位置づけ」と明記されています。
ステップ１産業,マニフェストが目指す産業支援の方策において、効率化、高度化、利便性の向上を図るために活用するものは何ですか？,伝統的な職人技,海外からの直接投資,AI・IT,大規模な公共事業,3,「支援の方策については、AI・ITも活用し効率化と高度化、利便性の向上を図ることで、広く深い支援を実現し、確実な成果に結び付けていきます」と記載されています。
ステップ１産業,2024年の帝国データバンクの調査によると、生成AIを業務へ取り込んでいる企業の現状として正しいものはどれですか？,多くの企業が導入し、大きな成果を上げている,導入企業はわずかで、効果を実感できない企業が多い,中小企業を中心に導入が進み、大企業が遅れている,導入した企業は多いが、コストが高すぎるとの声が多い,2,「生成 AI を実際に業務へ取り込んでいる企業はわずかであり、導入した企業の大半が「効果を実感できない」と答えるなど、熱気と成果の間には大きな隔たりがあるのが現状です」と述べられています。
ステップ１産業,多くのAIプロジェクトがPoC（概念実証）の段階で止まってしまう「PoCの墓場」に陥る背景にある、深刻な問題として指摘されているものは何ですか？,AI技術の信頼性の低さ,企業の資金不足,深刻な人材不足,政府の規制強化,3,「こうした停滞の背後には深刻な人材不足があり、経済産業省の推計では、2030 年にデータ／AI 人材が約 79 万人不足する見込みとなっています」と明記されています。
ステップ１産業,AIシフト実現のための政策として、年間100万人規模の支援を目指す「AIリスキリング支援」の主な対象として特に重視されているのはどのような企業ですか？,大企業やグローバル企業,スタートアップ企業やベンチャー企業,中小企業や地方の企業,外資系企業や海外進出企業,3,「特に中小企業や地方の企業の社員を中心的に支援することで、日本の産業全体の底上げを図ります」と記載されています。
ステップ１産業,日本の産業支援制度に関する現状の評価として、マニフェストで指摘されている課題は何ですか？,メニューは少ないが非常に使いやすい,メニューは多いが使いにくい,メニューは豊富で、どの企業も容易に利用できる,メニューは限定的だが、専門性が高い,2,「日本の産業支援制度は「メニューは多いが使いにくい」という評価が定着しています」と述べられています。
ステップ１産業,支援制度のデジタルワンストップ化において、AIが企業の財務データや事業計画を解析して行うことは何ですか？,新たな事業計画の自動作成,競合他社の情報分析,最適な支援制度の提案,従業員のスキル評価,3,「政府・自治体・JETRO の支援メニューを API で統合し、AI が企業の財務データや事業計画を解析して最適な制度を提案します」と記載されています。
ステップ１産業,海外展開支援のフルデジタル化において、J-Bridgeを拡張して提供される機能に含まれないものはどれですか？,AIマッチングによる商談先リスト作成,自動翻訳機能,国別規制チェック,現地でのオフィス契約代行,4,マニフェストには「J-Bridge を拡張し、AI マッチングによる商談先リスト作成、自動翻訳、国別規制チェックを一つの画面で完結させる」とあり、現地でのオフィス契約代行については言及されていません。
ステップ１科学技術,このマニフェストが目指す「知の創出力を最大化する」ための主要なアプローチは何ですか？,研究者の給与を大幅に引き上げること,研究者が本来の研究に専念できる環境を実現すること,海外の優秀な研究者を積極的に誘致すること,研究成果の商業化を最優先すること,2,マニフェストのビジョンでは、研究者が本来の研究に専念できる環境を実現し、知の創出力を最大化することを掲げています。
ステップ１科学技術,研究資金申請・報告業務における現状の課題として、マニフェストで指摘されていないものはどれですか？,書類作成・研究費管理などの業務負担が研究時間を圧迫している,研究計画書の様式が年度・事業ごとに微妙に異なる,研究者の英語能力が不足しているため、国際的な資金獲得が難しい,大学・研究機関ごとに異なるローカルルールが存在し、研究者の異動・連携が阻害されている,3,マニフェストでは、書類の煩雑さ、業務負担、ローカルルールなどを課題としていますが、研究者の英語能力については言及されていません。
ステップ１科学技術,研究支援業務へのAI・IT導入の一環として導入が提案されているResearch Management System (RMS) の機能として、適切でないものはどれですか？,各プロジェクトの予実管理のスムーズ化,不正検知AIや異常支出パターン検出アラート,研究成果の自動論文執筆支援,RMSフォーマット・データ仕様の標準化による手続き共通化,3,RMSは研究活動に関連する項目を一元管理し、予実管理、不正検知、手続き共通化などを目指しますが、自動論文執筆支援機能については言及されていません。
ステップ１科学技術,研究プロジェクトの予算運用に関して、マニフェストが提案する変更点は何ですか？,予算の繰越・前倒しを完全に自由化する,予算の繰越・前倒しを原則認可制から「事前登録制」に簡素化する,年度単位の予算執行をより厳格化する,プロジェクト単位の予算管理を廃止し、大学全体で一括管理する,2,マニフェストでは、プロジェクト予算の繰越・前倒しを原則認可制から「事前登録制」に簡素化し、年度単位からプロジェクト単位へ変更することを提案しています。
ステップ１科学技術,研究室におけるハラスメントが起きやすい構造的な課題として、マニフェストが指摘している点は何ですか？,研究室のメンバー間のコミュニケーション不足,PIに権限が集中し、学生や若手研究者が従属的になりやすい構造,研究成果に対するプレッシャーが過度に高いこと,研究室の物理的なスペースが狭いこと,2,マニフェストでは、PIへの権力集中、学生・ポスドクの立場の弱さ、外部からの監視の働きにくさなどをハラスメントの温床となる構造的課題として指摘しています。
ステップ１科学技術,ハラスメントの予防・早期発見・迅速対応のために提案されている施策として、適切でないものはどれですか？,研究室運営の可視化と外部モニタリングの強化,ハラスメントを行ったPIに対する厳罰化のみを追求する,AIチャットボットによる24時間対応の匿名相談窓口の整備,独立した通報機関（第三者機関）の設置,2,マニフェストでは、可視化、モニタリング、相談窓口、第三者機関設置など包括的な対策を提案しており、厳罰化のみを追求するとは述べられていません。
ステップ１科学技術,ハラスメント発生時や研究テーマのミスマッチがあった場合に、研究キャリアを継続するための支援策として提案されているものは何ですか？,海外留学プログラムへの優先的参加,研究室間の移籍制度やローテーションの柔軟化,カウンセリング費用の全額補助,PIに対する指導力向上研修の義務化,2,マニフェストでは、研究室間の移籍制度やローテーションの柔軟化を支援し、キャリア継続を助けることを提案しています。
ステップ１科学技術,このマニフェストが科学技術分野で目指す「次世代型研究支援インフラ」の重要な特徴は何ですか？,コスト削減を最優先としたシンプルなシステム,研究者間の競争を最大限に促進する評価制度,信頼性と効率性を兼ね備え、AI・ITを積極的に取り入れたもの,伝統的な研究手法を重視し、デジタル技術の導入は最小限に留める,3,ビジョンでは、公的支援の仕組みにAI・ITを積極的に取り入れ、信頼性と効率性を兼ね備えた次世代型研究支援インフラを構築すると述べています。
ステップ１デジタル民主主義,このマニフェストの現在の状態について、最も適切な説明はどれですか？,完成版であり、これ以上の変更はない,最終決定版として公式に承認されている,作成途中版であり、今後内容が変更される可能性がある,既に議論が終了し、廃止が決定されている,3,文書冒頭に「本マニフェストは作成途中版であり、内容は今後変更の可能性があります」と明記されています。
ステップ１デジタル民主主義,このマニフェストが提唱するデジタル民主主義において、最終的な政治的意思決定は誰が行うべきとされていますか？,高度なAIシステム,国民投票による多数決の結果そのもの,責任が取れる主体である人間,国際的な専門家からなる委員会,3,「私たちは、政治的意思決定は責任が取れる主体である人間が行うべきであると考えています」と述べられています。
ステップ１デジタル民主主義,パブリックコメント制度が抱える問題点として、本文書で指摘されていないものはどれですか？,提出される意見の数が「異常件数」であること,同じ趣旨の投稿を繰り返す多数派工作の存在,意見の取りまとめに職員の工数が大幅に取られること,提出される意見の専門性が著しく低いこと,4,本文書では意見の「異常件数」、多数派工作、職員の工数増大が問題点として挙げられていますが、「提出される意見の専門性が著しく低いこと」という直接的な指摘はありません。むしろ意見の「幅」を見
ステップ１医療,このマニフェストが掲げる医療分野のビジョンとして、テクノロジーの力で主に何を支援すると述べていますか？,医療機関の経営および業務効率化,新薬の開発促進,医師の給与水準向上,海外からの患者誘致,1,マニフェストのビジョンでは「医療の現場をテクノロジーの力で支援することで、医療機関の経営および業務効率化を支援します」と明記されています。
ステップ１医療,マニフェストによると、オンライン診療の普及や医療機関での待機時間の短縮は、特にどのような人々の医療アクセス格差の是正につながるとされていますか？,ITリテラシーの高い働き世代や若い方々,外出が困難な要介護者の方や僻地などで医療アクセスが困難な方々,海外在住の日本人,スポーツ選手などの特殊な健康管理が必要な人々,2,マニフェストのビジョンには「オンライン診療の普及や医療機関での待機時間の短縮は外出が困難な要介護者の方や僻地などで医療アクセスが困難な方々に対しての医療アクセス格差の是正にもつながります」と記載されています。
ステップ１医療,オンライン診療の普及状況について、2023年のアンケート調査結果としてマニフェストではどのように述べられていますか？,回答者の半数以上がオンライン診療を利用したことがある,回答者の9割がオンライン診療を知っているが、利用経験者は1割弱に留まる,オンライン診療の認知度は低いが、利用者の満足度は非常に高い,若年層ではオンライン診療が対面診療よりも主流になっている,2,マニフェストでは「2023年に行われたアンケート調査でも回答者の9割がオンライン診療について知っていると回答しましたが、実際に自身・家族が利用したことがあると答えた人は1割弱に留まりました」と指摘しています。
ステップ１医療,オンライン診療が進まない要因の一つとして、マニフェストで指摘されていないものは次のうちどれですか？,現在の診療報酬制度ではオンライン診療が対面診療と比べて優遇されていないこと,オンライン診療で医師に相談後、薬の受け取りに調剤薬局を訪ねる必要があること,患者側のプライバシー意識が高すぎること,オンライン診療の質や安全対策の整備が十分でないこと,3,マニフェストではオンライン診療が進まない要因として診療報酬制度、薬の受け取り、質・安全対策などを挙げていますが、「患者側のプライバシー意識が高すぎること」は直接的な要因として指摘されていません。
ステップ１医療,オンライン診療普及のための政策として、マニフェストで提案されていないものは次のうちどれですか？,オンライン診療を普及するための診療報酬の加算を検討する,オンライン診療のユースケースを整備し、段階的に普及するための枠組みを整備する,オンライン診療の利用を全国民に義務付ける,セキュアに遠隔診療を提供するため医療機関のインフラ整備の支援を行う,3,マニフェストでは診療報酬加算、ユースケース整備、インフラ整備支援などを提案していますが、「オンライン診療の利用を全国民に義務付ける」といった強制的な提案はされていません。
ステップ２「変化に対応できるしなやかな仕組みづくり」,このマニフェストが指摘する、現代社会が直面している「かつてない規模と速度で変化する世界」の主な要因として挙げられていないものはどれか？,国際情勢の流動化,テクノロジーの飛躍的進化,地球温暖化による気候変動,人工知能（AI）の指数関数的な性能向上,3,文書では国際情勢の流動化、テクノロジーの飛躍的進化、特にAIの進化が変化の要因として挙げられていますが、地球温暖化による気候変動は直接的には言及されていません。
ステップ２「変化に対応できるしなやかな仕組みづくり」,変化の予測が困難な時代において、社会に実装する必要があるとされる2つの重要な力は何か？,創造力と実行力,回復力（レジリエンス）と敏捷性（アジリティ）,統率力と協調性,分析力と計画力,2,文書では、不確実性が高く変化の予測が困難な時代には「回復力（レジリエンス）」と「敏捷性（アジリティ）」のある仕組みが非常に重要であると述べられています。
ステップ２「変化に対応できるしなやかな仕組みづくり」,このマニフェストにおいて、テクノロジー、特にAIを活用することで何が実現可能になると期待されているか？,全ての労働を自動化し、人間を労働から解放すること,伝統的な文化や価値観を完全に刷新すること,個別の状況や複雑な現実に即した、きめ細やかで高度な判断を行うこと,国家間の競争において絶対的な優位性を確立すること,3,AI技術の発展により、個別の状況や複雑な現実の事情に即した、きめ細やかで高度な判断が可能になり、より国民一人ひとりに寄り添った政策の実現が期待されると述べられています。
ステップ２「変化に対応できるしなやかな仕組みづくり」,教育分野における提案の一つで、一人ひとりの個性に合わせた教育を実現するために何を届けるとしているか？,全生徒への最新型タブレット配布,オーダーメイドカリキュラム,全国統一のオンライン授業システム,教員数を現在の2倍にする,2,教育分野の目標として「一人ひとりの個性に合わせたオーダーメイドカリキュラムを届けます」と明記されています。
ステップ２「変化に対応できるしなやかな仕組みづくり」,行政改革において提案されている「なめらかな税・社会保障」とはどのような仕組みか？,税率を一律に引き下げる仕組み,社会保障の給付額を固定する仕組み,物価や賃金に応じて、税と社会保障を自動で見直す仕組み,全ての税金を廃止し、ベーシックインカムを導入する仕組み,3,行政改革の項目で「『なめらかな税・社会保障』——物価や賃金に応じて、税と社会保障を自動で見直します」と記載されています。
ステップ２「変化に対応できるしなやかな仕組みづくり」,「スパゲティコード化した行政システム」に対して、どのようなアプローチで改善を目指すとしているか？,最新のAIを導入して全て自動化する,システムを全面的に新規開発する,“引き算”と“整理”でわかりやすく使いやすい仕組みへ変更する,海外の先進的なシステムをそのまま導入する,3,行政改革の項目で「『スパゲティコード化した行政システム』を“引き算”と“整理”でわかりやすく使いやすい仕組みへ変更します」と述べられています。
ステップ２「変化に対応できるしなやかな仕組みづくり」,経済財政運営において、非連続的な変化に備えるために強化するとしているものは何か？,短期的な経済成長率の予測精度,国債発行額の抑制,シナリオプランニング,外国為替市場への介入,3,経済財政の項目で「経済財政運営におけるシナリオプランニングを強化し､非連続的な変化に備えます」と記載されています。
ステップ２「変化に対応できるしなやかな仕組みづくり」,医療分野における自己負担に関する提案はどれか？,全ての医療費を無料にする,自己負担割合を一律に引き上げる,医療の有効性・重要度に応じたきめ細やかな自己負担へ変更する,高額療養費制度を廃止する,3,医療の項目で「医療の有効性・重要度に応じたきめ細やかな自己負担へ」と提案されています。
ステップ２教育,このマニフェストが目指す教育制度の変革において、AIはどのような役割を果たすとされていますか？,教師の仕事を完全に代替する,人間の手間を増やさずに複雑なシステム運用を可能にする,生徒の評価を自動化し、教師の負担を軽減する,学習コンテンツの作成を自動化する,2,マニフェストでは、AIを活用することで人間の手間を増やさずに、複数の変数を組み合わせた複雑なシステムも運用可能な形で実装できると述べています。
ステップ２教育,現在の日本の小学校・中学校におけるカリキュラム編成の主な課題として、マニフェストで指摘されている点は何ですか？,教科書の内容が古すぎる,教師の質にばらつきがある,「年齢」が唯一の変数となり、柔軟性に欠ける,オンライン学習の導入が遅れている,3,マニフェストでは、現在は「年齢」が唯一の変数となってカリキュラムが編成されており、学年軸・教科軸の双方に柔軟性がないと指摘しています。
ステップ２教育,オーダーメイドカリキュラムを実現するための政策として、標準授業時数についてどのような変更を目指していますか？,標準授業時数を完全に撤廃する,標準授業時数を全国一律で増加させる,標準授業時数の設定を大綱化する,標準授業時数を教科ごとに細分化する,3,マニフェストでは、一人ひとりの個性にあわせたカリキュラムを実現するため、標準授業時数の設定を大綱化することを目指すとしています。
ステップ２教育,学習指導要領の改定に関して提案されている「マイナーアップデート」は、主にどのように実施される予定ですか？,学習指導要領本体を毎年全面的に改訂する,学習指導要領の「解説」を充実させることで対応する,各学校が独自に学習指導要領を改訂できるようにする,海外の教育事例をそのまま導入する,2,マニフェストでは、マイナーアップデートは学習指導要領本体ではなく、学習指導要領の「解説」を充実させることで対応すると提案しています。
ステップ２教育,マニフェストで紹介されている「デジタル併願制」の基礎となっているアルゴリズムは何ですか？,ランダムフォレストアルゴリズム,遺伝的アルゴリズム,DAアルゴリズム (Deferred Acceptance Algorithm),k近傍法アルゴリズム,3,マニフェストでは、デジタル併願性はゲーム理論におけるDAアルゴリズム (Deferred Acceptance Algorithm)が基礎になっていると説明されています。
ステップ２教育,教育データの利活用を進め、EBPM（証拠に基づく政策立案）を推進するために創設が提案されている組織は何ですか？,教育改革推進委員会,全国統一学力テストセンター,Education Data Trust,デジタル教育省,3,マニフェストでは、匿名加工データを信託管理する「Education Data Trust」の創設など、EBPMの基盤整備が必要であると述べています。
ステップ２教育,現在の学習指導要領の改定頻度について、マニフェストが指摘している課題は何ですか？,改定頻度が高すぎて現場が混乱している,改定内容が専門的すぎて理解が難しい,10年に1度程度の改定では世の中の変化についていけない,改定プロセスが不透明である,3,マニフェストでは、学習指導要領は10年に1度程度のスパンで改定しているが、それでは世の中の変化についていけないほど変化の速度が高まっていると指摘しています。
ステップ２教育,マニフェストで日本の標準授業時数の制度と比較して、最も柔軟な制度を持つ国として挙げられているのはどこですか？,韓国,イギリス,カナダ,オランダ,4,マニフェストでは、オランダは総学習時間だけが決まっており、何を何時間学ぶかは学校・子どもに合わせて決められる、最も制度が柔軟な国として紹介されています。
ステップ２行政改革,「なめらかな税・社会保障」の政策で、所得控除や給付額などを自動的に見直す際に連動させる主要な指標は何ですか？,国債金利、株価指数,CPI（消費者物価指数）、平均賃金指数,GDP成長率、失業率,為替レート、原油価格,2,年金制度と同様に、CPI・平均賃金指数に連動して各種金額（控除額・給付額・保険料率）を自動スライドさせることが提案されています。
ステップ２行政改革,「なめらかな税・社会保障」が目指す「滑らかな課税・給付」を実現するための設計方法として、どのようなものが挙げられていますか？,段階的な税率区分をさらに細かく設定する,所得控除・給付・保険料率をロジスティック曲線等の連続関数で設計する,全ての所得層に対して一律の税率を適用する,毎年度の国会審議を通じて税率や給付額を決定する,2,所得控除・給付・保険料率をロジスティック曲線等の連続関数で設計し、制度境界による急変（崖）を排除し、合理的かつ予測可能な制度設計の実現を目指しています。
ステップ２行政改革,公共調達において、税金で開発・導入するソフトウェアについて、このマニフェストが原則としていることは何ですか？,国内の大手IT企業に優先的に発注し、国内産業を保護する,オープンソースソフトウェア（OSS）とし、ソースコード・ドキュメントを公開する,海外の先進的な商用ソフトウェアを積極的に導入し、国際競争力を高める,各省庁が独自に最適なソフトウェアを選定し、多様性を確保する,2,「公共調達 OSS・オープン化原則」を制定し、税金で開発・導入するソフトウェアはOSSを原則とし、ソースコード・ドキュメントを公開することが提案されています。例外領域も最小範囲で非公開とし、国会報告で透明性を確保します。
ステップ２行政改革,ベンダーロックインを防ぎ、オープンな公共調達を推進するための調達プロセスの転換として、どのような方式への移行が提案されていますか？,従来通りの仕様書比較とプレゼンテーションをより厳格に行う方式,入札価格の低さを最重視し、コスト削減を徹底する方式,一定要件の動作するプロトタイプを提出させる「実働コード競争入札」方式,特定の信頼できるベンダーとの長期的なパートナーシップを推奨する方式,3,調達プロセスを従来の「仕様書比較＋プレゼン」から、一定要件の動作するプロトタイプを提出する「実働コード競争入札」方式へ改めることが提案されています。
ステップ２行政改革,アジャイルガバナンスを推進する上で、旧来型のPDCAサイクルに加え、特に重視されている考え方は次のうちどれですか？,一度決定した政策は変更せず、計画通りに最後まで実行する「計画重視型」,失敗を完全に排除し、完璧な制度設計を目指す「無謬性追求型」,環境変化に対応し、失敗を許容しデータに基づき高速に学習する「適応・学習型」,専門家委員会によるトップダウンの意思決定を強化する「権威依存型」,3,失敗を許容し、データに基づき高速に学習する政策サイクル（サンドボックス＋error budget的思考、二重のサイクル、ダイナミックなEBPM）の導入が提案されており、環境変化への適応と継続的な学習を重視しています。
ステップ２行政改革,行政情報の公開と利活用について、このマニフェストが目指す方向性として最も適切なものはどれですか？,情報公開の量を制限し、質の高い情報のみを選別して提供する,全ての行政文書をPDF形式で統一して公開し、改ざんリスクを低減する,API経由での情報提供を標準化し、機械判読性を高め、AI等での再利用を促進する,情報公開請求を有料化し、行政側のコスト負担を軽減する,3,情報公開をAPI経由で実施できるようにし、APIの標準化・一次公開の義務付けを進めることで、機械判読性を高め、AIでも活用可能な形での情報提供を目指しています。
ステップ２行政改革,複雑化した既存の行政制度（「スパゲティコード化した行政システム」）を分析し、わかりやすく使いやすい仕組みへ変更するために、このマニフェストが活用を提案している主要な技術は何ですか？,ブロックチェーン技術を用いた分散型台帳システム,量子コンピューティングによる超高速シミュレーション,大規模言語モデル（LLM）などの自然言語処理技術やプロセスマイニング,仮想現実（VR）や拡張現実（AR）を用いた制度の可視化,3,大規模言語モデル（LLM）などの自然言語処理技術をはじめとしたテクノロジーを活用し、既存制度の構造・手続き・フローを体系的に可視化・分析し、プロセスマイニングと制度マッピングを行うことが提案されています。
ステップ２行政改革,電子投票・ネット投票の推進について、このマニフェストが提案する最初の具体的な導入ステップは何ですか？,次回の国政選挙から全国一斉に電子投票システムを導入する,まずは党内における代表選挙や重要な意思決定プロセスに先行導入する,全ての地方自治体に対して、条例による電子投票の導入を義務付ける,海外で成功している電子投票システムをそのまま日本市場に導入する,2,まずは党内における意思決定に導入（スモールスタート）し、その結果と課題を公開して社会的合意形成の材料とすることを目指しています。
ステップ２経済財政,このマニフェストが目指す経済財政運営の前提となる考え方はどれですか？,過去の成功事例に基づいた安定的な成長,特定の産業への集中的な投資による急成長,不確実性を前提とした柔軟な対応,国際機関の予測に完全に準拠した運営,3,ビジョンに「不確実性､すなわち｢起きるかどうかわからない｣｢いつ起きるかわからない｣｢インパクトがどの程度かわからない｣といった事象を前提とした経済財政運営を目指します｣と記載されています。
ステップ２経済財政,経済財政運営においてシナリオプランニングを強化する主な目的は何ですか？,将来の経済動向を正確に予測するため,非連続的な変化に備えるため,短期的な経済指標の改善を図るため,特定の経済モデルの正当性を証明するため,2,政策概要に「経済財政運営における｢シナリオプランニング｣を強化し､非連続的な変化に備えます｡」と記載されています。
ステップ２経済財政,チームみらいが経済財政運営で採用するシナリオプランニングにおいて、特に重視していない点は次のうちどれですか？,AGI（汎用人工知能）のような非線形な変化を考慮すること,現状の追認や願望に基づいた楽観的なシナリオを優先すること,複合的なリスクが加速する要素を正しく認識すること,"議論が避けられがちな重要課題（""Elephant in the room""）にも目を向けること",2,チームみらいにおけるシナリオ・プランニングのポイントとして「②現状の追認や願望ではなく､悲観的な要素に強く眼を向ける」とあり、楽観的なシナリオを優先するわけではありません。
ステップ２経済財政,「2030年、AGI実現による生産性大幅向上シナリオ」において、経済成長が実現される一方で、どのような社会問題が懸念されていますか？,全ての労働者の賃金が均等に上昇すること,技術進化に対する社会全体の受容性が高まること,所得格差の拡大や失業率の上昇,税収が大幅に減少し、財政が悪化すること,3,AGIシナリオでは「その果実は一部の層に偏る」「失業率は大幅に上昇する」「所得格差の拡大や失業率上昇は､社会不安や政治的対立を生む」とされています。
ステップ２経済財政,AGI実現による所得格差拡大に対応するため、事前に土台を整えておくべき政策として挙げられているものは何ですか？,富裕層への大幅な減税,AI技術の研究開発の全面的な中止,ユニバーサル・ベーシックインカムや給付付き税額控除,労働時間の抜本的な短縮義務化,3,AGIシナリオの政策対応として「ユニバーサル･ベーシックインカムや給付付き税額控除等､広汎なセーフティネットを導入できる土台はAGI実現前に整えておく」と記載されています。
ステップ２経済財政,予測困難な経済危機に対応し、国民や中小企業へ迅速な給付を行うために、まず推進すべきとされているものは何ですか？,新たな給付専用のデジタル通貨の発行,全国民への現金の直接郵送システムの構築,マイナンバーカードの公金受取口座登録制度の普及,地方自治体ごとの独自の給付システムの開発支援,3,政策概要に「まずはマイナンバーカードの公金受取口座登録制度の普及を進め､デジタルを活用した給付手続の簡便化･迅速化を図ります｡」と記載されています。
ステップ２経済財政,将来的に検討が進められる、危機に対応した税制に関する対応可能性として挙げられているものは何ですか？,恒久的な消費税率の引き上げ,時限的・迅速な税率引き下げを可能にする仕組み,全ての税目を廃止し、単一税に移行する仕組み,企業への法人税を大幅に引き上げる仕組み,2,政策概要に「将来的には､危機に対応した時限的･迅速な税率引き下げを可能にする仕組みなど､税制に関する対応可能性の検討も進めます｡」と記載されています。
ステップ２医療,このマニフェストが掲げる医療制度のビジョンとして、最も適切なものはどれですか？,国民皆保険制度を廃止し、自由診療を中心とした制度へ移行する。,医療費を大幅に削減するため、医療へのアクセスを制限する。,テクノロジーとデータを活用し、非効率を減らし費用対効果の高い医療が報われる制度を目指す。,高齢者の医療費自己負担を一律に引き上げることで、現役世代の負担を軽減する。,3,マニフェストでは、テクノロジーとデータを活用して医療の非効率を減らし、費用対効果の高い医療が報われる制度を目指すとしています。
ステップ２医療,現状の医療保険制度における自己負担割合の決定要因として、文書で指摘されている主なものは何ですか？,受ける医療の内容と重症度,年齢と所得,居住地域と家族構成,加入している保険組合の種類,2,文書では「主に年齢と所得により個々の自己負担割合が決定され、受ける医療の内容や重症度に応じた調整は行われていません」と指摘されています。
ステップ２医療,OECDの報告によると、国際的に医療費のおよそ何割が健康成果に直結していない可能性があるとされていますか？,約1割,約2割,約3割,約5割,2,文書には「OECDの報告では国際的に医療費のおよそ２割が健康成果に直結していない可能性を示しており」と記載されています。
ステップ２医療,政策として提案されている、診療行為のエビデンスや費用対効果に基づく自己負担割合の調整は、どのような目的で行われますか？,医療機関の収益を最大化するため。,患者の医療選択の自由を制限するため。,医療の質と家計への負担を維持しつつ、医療財政への負担を軽減するため。,最新医療技術の導入を抑制するため。,3,文書では「これらの仕組みにより、医療の質、家計への負担を維持したまま、医療財政への負担軽減を目指します」と述べられています。
ステップ２医療,フランスで導入されている医薬品の自己負担割合設定の仕組みについて、正しい記述はどれですか？,全ての医薬品で自己負担割合が一律に設定されている。,医薬品の有効性評価に基づき、自己負担割合が段階的に設定され、抗がん剤など代替の効かない薬は0%になる場合がある。,評価が不十分な医薬品は、国が全額負担する。,医薬品の価格のみに基づいて自己負担割合が決定される。,2,フランスの事例として、医薬品の有効性評価に基づき自己負担割合が段階的に設定され、抗がん剤など代替の効かない医薬品は自己負担0%となることが紹介されています。
ステップ２医療,日本の医療費の約3割を占めるとされる慢性疾患として、文書で例示されていないものはどれですか？,糖尿病,COPD（慢性閉塞性肺疾患）,心不全,関節リウマチ,4,文書では、糖尿病・COPD・心不全などが慢性疾患の例として挙げられています。関節リウマチは明記されていません。
ステップ２医療,提案されている「治療成果に報いる医療アウトカム評価制度」の主な目的は何ですか？,診療回数を増やすことで医療機関の収益を向上させること。,「どれだけ診療が行われたか」だけでなく、「どれだけ良くなったか」にも報いる医療制度へ転換すること。,患者の自己負担額を大幅に引き上げること。,医師の診断の自由度を制限すること。,2,この制度は、「どれだけ診療が行われたか」だけでなく、「どれだけ良くなったか」にも報いる医療制度への転換を目指しています。
ステップ２医療,医療アウトカム評価制度の導入にあたり、診療データの管理・活用について、どのような方針が示されていますか？,各医療機関が個別にデータを管理し、必要に応じて共有する。,診療データを匿名化し、全国医療データベース（NDB）で一元管理し、AIを活用して評価する。,患者自身が全ての診療データを管理し、医療機関に提供する。,紙ベースのカルテを維持し、手作業で評価を行う。,2,診療データを匿名化し、NDBで一元管理し、AIを活用した公平で迅速な評価を行う仕組みを整える方針が示されています。
ステップ３「長期の成長に大胆に投資する」,このマニフェストが持続的な経済成長を不可欠と考える主な理由は何ですか？,国際社会における日本の影響力を高めるため,富の再分配をより公平に行うため,豊かな国民生活と安定した社会保障制度を支えるため,最新テクノロジーの導入を加速するため,3,文書では、持続的な経済成長が「豊かな国民生活と安定した社会保障制度を支えるための確固たる基盤となる」と述べられています。
ステップ３「長期の成長に大胆に投資する」,経済成長を達成するための最も重要な鍵として、このマニフェストは何を挙げていますか？,伝統産業の保護と育成,大規模な公共事業の実施,日進月歩で進化するテクノロジーの最大限の活用,国際貿易の自由化推進,3,文書では、「この経済成長を達成するための最も重要な鍵が、日進月歩で進化するテクノロジーの力を最大限に活用することだと考えます」と明記されています。
ステップ３「長期の成長に大胆に投資する」,AIの急速な発展がもたらす社会経済の不確実性に対し、このマニフェストはどのような認識を示していますか？,厳格な規制によってリスクを管理すべき課題,日本の伝統的産業を脅かす最大の脅威,日本が新たな成長の波を掴む絶好の機会,一時的な流行であり、長期的な影響は限定的,3,文書は、AIの発展を「我が国が新たな成長の波を掴む絶好の機会であると前向きに認識し、積極的にその変化を主導していく気概が求められています」と述べています。
ステップ３「長期の成長に大胆に投資する」,「子育て」の項目で挙げられている支援策のうち、経済的支援に直接関連するものはどれですか？,保育士の人手不足解消への取り組み,妊娠出産の負担の徹底軽減,抜本的な経済支援としての児童手当・税制見直し,住まいの安心の提供,3,「子育て」の項目には「抜本的な経済支援としての児童手当・税制見直しを検討します」と記載されており、これが直接的な経済支援に該当します。
ステップ３「長期の成長に大胆に投資する」,「教育」分野における投資の重点として、特に強調されているものは何ですか？,伝統文化教育の推進,EdTechの開発と学校への導入,教員数の大幅な増員,全国統一学力テストの実施強化,2,文書では「EdTechの開発と学校への導入に大胆に投資します」と述べられており、これが教育分野での投資の重点です。
ステップ３「長期の成長に大胆に投資する」,「科学技術」分野において、研究者が研究に集中できる理想的な環境を実現するために、どのような研究資金制度の拡充を目指していますか？,短期的な成果を重視する競争的資金制度,特定の国家戦略分野に限定した資金配分,高自由度で長期型の研究資金制度,企業との共同研究を義務付ける資金制度,3,「科学技術」の項目には「高自由度で長期型の研究資金制度を拡充し研究者が研究に集中できる理想的環境を実現します」とあります。
ステップ３「長期の成長に大胆に投資する」,「産業」分野において、産業の成長を何に還元することで、どのような好循環を生み出すことを目指していますか？,企業の内部留保を増やし、さらなる投資を促す,生活の質向上と経済成長の好循環,税収を増やし、財政赤字を削減する,輸出競争力を高め、貿易黒字を拡大する,2,文書では「産業の成長を還元することで、生活の質向上と経済成長の好循環を生み出します」と述べられています。
ステップ３「長期の成長に大胆に投資する」,「経済財政」の項目において、歳出削減や税収増の果実は、主に何に重点的に配分するとされていますか？,公共事業への投資拡大,国債の償還,社会保険料をはじめとする現役世代の負担軽減,防衛費の増額,3,「経済財政」の項目には「歳出削減･税収増の果実は､社会保険料をはじめとする現役世代の負担軽減に重点的に配分します」と記載されています。
ステップ３子育て,このマニフェストが子育て支援において目指す社会の姿として、最も適切なものはどれですか？,テクノロジー活用により、全ての人に質の高いサポートが行き届く社会,伝統的な家族形態を推奨し、少子化を食い止める社会,経済成長を最優先し、その恩恵を子育て世代に還元する社会,都市部への人口集中を促し、子育てインフラを効率化する社会,1,マニフェストでは「テクノロジーを最大限に活用し、大胆かつ適切な投資を行うことで、結婚、妊娠、出産、子育てにおけるあらゆる情報格差や機会の不平等を解消し、支援を必要とする全ての人々に、きめ細やかで質の高いサポートが行き届く社会を目指します」と述べられています。
ステップ３子育て,結婚の障壁を取り除くための経済的支援策として、検討されていないものはどれですか？,結婚新生活支援事業補助金の所得制限緩和または撤廃,結婚・子育て資金の一括贈与に係る贈与税非課税措置の恒久化,結婚するカップルへの一律100万円の給付金制度創設,結婚・子育て資金の一括贈与に係る贈与税非課税措置の非課税枠拡大,3,マニフェストには「結婚新生活支援事業補助金」の所得制限緩和・撤廃や助成金額引き上げ、贈与税非課税措置の恒久化・非課税枠拡大が検討事項として挙げられていますが、一律100万円の給付金制度創設は記載されていません。
ステップ３子育て,流産・死産経験者への包括的ケアとして、マニフェストで提案されている支援策はどれですか？,経験者全員への一律慰謝料の支払い,専門家によるグリーフカウンセリングや心理的サポートへの公費助成・医療保険適用拡大,流産・死産を経験した場合の強制的な休職制度の導入,海外での代理出産費用の全額助成,2,マニフェストでは「流産や死産を経験した方が、専門家によるグリーフカウンセリングや心理的サポートを経済的心配なく受けられるよう、公費助成や医療保険の適用拡大を検討します」と記載されています。
ステップ３子育て,分娩費用の実質自己負担ゼロ化を目指すにあたり、基本となる方針は何ですか？,出産一時金の増額のみで対応する,分娩費用を医療保険の適用対象とし、自己負担分を公費助成する,全ての産院を国営化し、費用を無料にする,妊婦税を導入し、その財源で分娩費用を賄う,2,マニフェストでは「分娩費用は医療保険の適用対象とすることを基本とし、さらに自己負担分についても公費による助成を行うことで、標準的な出産費用の実質的な自己負担ゼロを目指します」と述べられています。
ステップ３子育て,子育て世帯公営住宅の拡大支援において、国が自治体による推進を促すために行うことは何ですか？,公営住宅の家賃を全国一律にする,子育てしやすい環境整備のガイドライン提示と、条件を満たしたものへの追加補助金提供,全ての公営住宅を子育て世帯専用にする,民間賃貸住宅の家賃上限を国が設定する,2,マニフェストでは「子育てしやすい環境を建物周辺含め整備するよう国がガイドラインを提示し、一定の条件を満たしたものには追加での補助金を提供するなどして自治体による推進を促します」と記載されています。
ステップ３子育て,新たに制定を目指す「産前準備休暇」の目的として、マニフェストに記載されていないものはどれですか？,妊婦健診の受診・付き添い,パートナーとともに赤ちゃんを迎える心の準備,出産後のキャリアアップのための研修受講,臨月のパートナーの生活サポート,3,「産前準備休暇」の目的として、妊婦健診の受診・付き添い、臨月のパートナーの生活サポート、赤ちゃんの受け入れ準備、上の子の育児、パートナーと共に赤ちゃんを迎える心の準備などが挙げられていますが、出産後のキャリアアップ研修は含まれていません。
ステップ３子育て,保育DXの推進策として、マニフェストで具体的に挙げられているAI活用例は何ですか？,AIによる園児の健康状態の自動診断,AIによる保護者からのクレーム自動対応,AIによる保育記録の自動まとめ（音声入力からの文書化）,AIによる園児の才能予測と個別教育プラン作成,3,マニフェストでは保育DXの例として「例えば保育記録は音声で都度入力しておくと1日の終わりに自動でAIがまとめてくれるなど、保育士の皆様の書類作成業務や事務作業の負担を大幅に軽減します」と記載されています。
ステップ３子育て,障がいのあるお子さんとその家族を支援する「ファミリーサポートハブ（仮称）」の機能として、マニフェストに記載されているものはどれですか？,保護者の代わりに育児を行うAIロボットの派遣手配,障がいのある子ども専用のSNSプラットフォームの提供,支援サービス・手当等の情報一元管理とオンライン申請機能,障がいのある子どもの将来の職業をAIが予測し斡旋する機能,3,「ファミリーサポートハブ（仮称）」は、支援サービス・手当・助成金・施設に関する情報の一元管理、各種手続きのオンライン完結、関係機関間の情報共有、AIによるリソースのプッシュ型提案などを機能としています。
ステップ３教育,このマニフェストが、国家の100年先を見据えた成長において最も重要と考える投資対象は何ですか？,最新技術の開発,インフラ整備,「人」への投資,海外市場の開拓,3,マニフェストは「最も重要なのは『人』に投資することです」と明記しています。
ステップ３教育,AI時代において、子どもたちに育むべき最も重要な力としてマニフェストが挙げているものは何ですか？,プログラミングスキル,「好奇心」と新しいことを「はじめる力」,高度なデータ分析能力,外国語でのコミュニケーション能力,2,マニフェストでは「AI時代、子どもたちに育むべきは『好奇心』であり、新しいことを『はじめる力』です」と述べられています。
ステップ３教育,日本の教育費に関する現状認識として、マニフェストが指摘している点は何ですか？,対GDP費で諸外国より高い水準にある,対GDP費で諸外国より低い水準にある,子どもの数比で見ると先進国より大幅に低い,教育費の乗数効果は低いと分析されている,2,マニフェストは「国家が投入する教育費は、対GDP費だと諸外国より低い」と指摘しています。
ステップ３教育,GIGAスクール構想で整備された１人１台端末について、マニフェストが指摘する主な課題は何ですか？,端末の数が不足している,ソフトウェアのライセンス費用が高い,端末のスペックが不足している,教員が端末を使いこなせていない,3,マニフェストは「全国で１人１台端末は整備されたがスペックが不足している」と指摘し、特に推奨帯域を満たす学校が少ないことを挙げています。
ステップ３教育,国産の質の良いEdTech開発を促進するため、マニフェストが提案している具体的な政策は何ですか？,EdTech企業への減税措置,500億円規模のEdTechスタートアップへの政府ファンド新設,全ての学校にEdTech専門家を配置,海外製EdTechの導入禁止,2,マニフェストは「500億円規模のEdTechスタートアップへの政府ファンドを新設して投資する」と提案しています。
ステップ３教育,子どもたちの体験格差を是正するために、マニフェストが提案している具体的な施策は何ですか？,全ての校外学習を無料化する,年間1万円分のフィールド／インターン体験クレジットを全児童生徒に支給する,学校に最新の体験型遊具を設置する,保護者向けの体験プログラム参加を義務化する,2,マニフェストは「体験格差是正バウチャーの配布」として「年間１万円分のフィールド／インターン体験クレジットを全児童生徒に支給」することを提案しています。
ステップ３教育,子どもたちのアントレプレナーシップに関する課題として、マニフェストが指摘していないものはどれですか？,社会を変えられると思う子どもが極めて少ない,起業に関心を持つ若年層が少ない,失敗を極端に嫌う傾向がある,他者と協力する能力が低い,4,マニフェストでは安定志向、失敗嫌い、社会変革意識の低さ、起業関心の低さを指摘していますが、協調性の低さについては直接言及していません。
ステップ３科学技術,マニフェストが掲げる「知のエコシステム」を形成するための３つの柱に含まれないものはどれか？,卓越した人材の育成と柔軟な人材流動性の確保,オープンで自由な研究環境の整備,グローバルから研究者・起業家を呼び込む魅力ある生活・研究環境の提供,短期的な成果を重視した研究資金の配分,4,「知のエコシステム」の柱は、人材育成と流動性、オープンな研究環境、魅力ある生活・研究環境の提供です。短期成果重視はむしろ課題として認識されています。
ステップ３科学技術,新たに創設される「高自由度・長期型研究資金制度」の採択期間は最大で何年か？,3年,5年,7年,10年,3,挑戦的・基礎的研究の推進に向けた高自由度・長期型研究資金制度の採択期間は最大7年とされています。
ステップ３科学技術,研究成果の社会実装やイノベーション創出を加速するために提案されている、産学官の垣根を越えた人材流動性を高めるための制度はどれか？,短期集中型研究プロジェクト,研究成果発表会への参加義務化,キャリアリターン制度や人材シェアリング制度,年功序列に基づく昇進制度,3,産学官の垣根を越えた人材流動性を高めるため、「キャリアリターン制度」や「人材シェアリング制度」の構築が提案されています。
ステップ３科学技術,ディープテック領域におけるスタートアップ創出の課題として、民間VCが投資を敬遠する理由として挙げられていないものはどれか？,製品化・収益化までに長期間を要する,規制や製造・実証などの技術リスクが高い,投資回収の見える化が困難,研究開発テーマが魅力的すぎる,4,民間VCがディープテック投資を敬遠する理由には、製品化までの期間、技術リスク、投資回収の困難さなどがあり、テーマが魅力的すぎることは理由として挙げられていません。
ステップ３科学技術,国家戦略技術分野として重点的な資本投下が検討されている技術例に含まれないものはどれか？,ロボティクス,伝統工芸技術,マテリアル,宇宙（衛星コンステレーション）,2,国家戦略技術分野の例として、ロボティクス、レーザー、マテリアル、再生医療／バイオ、宇宙、サイバーセキュリティなどが挙げられていますが、伝統工芸技術は明記されていません。
ステップ３科学技術,マニフェストで指摘されている、研究者が研究に集中しづらい現状の課題として正しいものはどれか？,研究資金が潤沢にありすぎて使い道に困る,多くの研究資金が長期的な基礎研究に偏っている,外部資金への依存が低く、自由に使える研究費が多い,多くの研究資金が短期成果に基づく配分となっており、基礎研究がしづらい,4,現状の課題として、多くの研究資金が短期成果に基づく配分であり基礎研究がしづらいこと、外部資金への依存が高いこと、自由に使える研究費が少ないことなどが挙げられています。
ステップ３科学技術,日本の博士課程進学率に関する現状認識として、マニフェストで述べられている内容はどれか？,OECD諸国の中で最高レベルである,OECD諸国の中で平均レベルである,OECD諸国の中でも最低レベルである,近年急速に上昇している,3,マニフェストでは、日本の博士課程進学率はOECD諸国の中でも最低レベルであると指摘されています。
ステップ３科学技術,ディープテック特化型の公的ファンドの出資枠を拡大する主な目的として、マニフェストで述べられているのはどれか？,海外企業の買収を促進するため,既存の大企業への研究開発支援を強化するため,リスクマネーの流通と成長資金の確保のため,研究者の海外流出を防ぐための奨学金制度を充実させるため,3,ディープテック特化型の公的ファンドの出資枠拡大は、リスクマネーの流通と成長資金の確保を目的としています。
ステップ３エネルギー,AIの本格的な普及に伴い、2030年までに見込まれる追加電力需要はどの程度と予測されていますか？,日本全体の年間消費電力の約10%,世界全体で日本の年間総発電量の半分程度,世界全体で日本一国分に相当する量,主要先進国の電力需要の合計程度,3,文書の「ビジョン」には、「2030 年までの短期間でも世界全体で日本一国分に相当する追加電力が必要になると見込まれます」と記載されています。
ステップ３エネルギー,日本のエネルギー供給における課題として、文書で指摘されていないものはどれですか？,化石燃料資源が乏しいこと,再生可能エネルギー導入に適した平野部が限られていること,原子力発電技術が国際標準に比べて遅れていること,燃料輸入による国富の海外流出リスク,3,文書では化石燃料の乏しさ、再エネ導入の地理的制約、燃料輸入による国富流出を指摘していますが、原子力発電技術が国際標準に比べて遅れているとは具体的に述べていません。むしろ再稼働や次世代炉開発に言及しています。
ステップ３エネルギー,2023年の日本の電源構成実績について、第6次エネルギー基本計画の2030年目標と比較して、割合が目標よりも高かった電源の組み合わせはどれですか？,原子力と水力,LNG（液化天然ガス）と石炭,その他再エネと原子力,水力とその他再エネ,2,文書によると、2023年実績はLNG 32％（目標20％）、石炭 29％（目標19％）であり、これらは2030年目標よりも高い割合でした。
ステップ３エネルギー,再生可能エネルギーの大幅な増加における課題として、文書で特に懸念されている国民への直接的な影響は何ですか？,設置場所周辺の地価下落,再エネ賦課金による経済的負担の増加,電力品質の低下による家電製品への影響,関連産業における雇用機会の不安定化,2,文書では「再エネ賦課金による国民負担は、2024年度見込みで2.7兆円に達しています。追加的な再エネ導入は国民負担の増加に繋がります」と指摘しています。
ステップ３エネルギー,日本の太陽光発電の導入状況について、文書ではどのように評価されていますか？,導入が世界的に遅れており、さらなる大規模導入の余地が大きい,国土面積当たりの導入量は世界平均程度だが、コストが高い,国土面積当たりの導入量は既に世界上位水準にあり、大幅な追加余地は限定的,主に山間部での大規模開発が進んでいるが、環境への影響が懸念される,3,文書には「太陽光の導入量は国土面積当たりで既に世界上位水準（ドイツと同程度）にあるため、大幅な追加余地は住宅や建物屋根などに限られます」と記載されています。
ステップ３エネルギー,政策概要において、2030年に向けた原子力発電の目標として掲げられている運転基数は何基以上ですか？,15基以上,20基以上,25基以上,30基以上,3,政策概要には「2030 年時点で 25 基以上の運転を実現できるよう、手続きの迅速化と地域支援を両立させます」と記載されています。
ステップ３エネルギー,水力発電のポテンシャルを開放するための政策として、文書で提案されている具体的な方策は何ですか？,全国での新規大規模ダムの建設を最優先する,1957年制定の多目的ダム法を見直し、既存ダムの再開発や揚水増強を推進する,水力発電関連の規制を全て撤廃し、自由競争を促す,海外の先進的な小水力発電技術を全面的に導入する,2,政策概要では「多目的ダム法を見直し、水力発電のポテンシャルを開放します。既存ダムの再開発や揚水増強を推進し」と述べられています。
ステップ３エネルギー,2050年ゼロエミッション社会の実現に向けて、長期的なエネルギー問題の抜本的解決に備えるとして、特に研究開発投資が強化されるとされている革新技術は何ですか？,超々臨界圧石炭火力発電技術,アンモニア混焼・専焼技術,核融合技術,CCS（二酸化炭素回収・貯留）技術の高度化,3,政策概要の「2）2050 年ゼロエミッション社会に向けて」の中で、「核融合技術の研究開発投資を強化し、長期的なエネルギー問題の抜本的解決に備えます」と明記されています。
ステップ３経済財政,チームみらいが経済財政で目指すビジョンとして、歳出削減・税収増の果実を重点的に配分する対象は誰ですか？,高齢者,企業,現役世代,地方自治体,3,ビジョンには「歳出削減･税収増の果実は､社会保険料をはじめとする現役世代の負担軽減に重点的に配分します」と明記されています。
ステップ３経済財政,チームみらいが目指す投資のあり方として、適切でないものはどれですか？,官民それぞれの役割を踏まえた財政出動,民間の資金流入が促進されるような制度整備,規制緩和さえすれば民間投資がついてくるという考え方,複合的な手法を駆使した投資の推進,3,文書には「逆に｢規制緩和さえすれば民間投資がついてくる｣といったものでもありません」と記載されています。
ステップ３経済財政,大胆な投資が引き起こす可能性のあるリスクとして、文書で言及されていないものはどれですか？,長期金利の上昇,国際競争力の低下,インフレの進行,財政に対する信認の揺らぎ,2,文書では長期金利の上昇、インフレ、財政への信認の揺らぎがリスクとして挙げられていますが、国際競争力の低下は直接的には言及されていません。
ステップ３経済財政,短中期で大きな成果が見込める投資について、チームみらいはどのような対応を検討していますか？,投資規模の抑制,ワンショット（一時的）の財政出動も含めた大胆な手当,民間資金のみに頼る,長期的な財政均衡を最優先,2,「短中期(例えば3-5年)で大きな生産性向上や歳出削減効果が見られる投資については､ワンショット(一時的)の財政出動も含めた大胆な手当を行うことも積極的に検討します」とあります。
ステップ３経済財政,財政赤字の許容範囲について、チームみらいが議論の出発点として参考にしている過去の実績（基礎的財政収支対名目GDP比）はどの程度ですか？,財政黒字を維持,1%未満の財政赤字,2～3%の財政赤字,5%以上の財政赤字,3,「これまでの実績としては､基礎的財政収支対名目GDP比2\~3%の財政赤字については､我が国の財政に対する信認を過度に毀損することなく運営できてきたと考えられます」と記載されています。
ステップ３経済財政,長期・大胆な投資を行う上で、チームみらいが必要不可欠と考えていることは何ですか？,国際機関からの資金援助の確保,国民への一律給付金の増額,特定産業への集中的な補助金投入,財政に対するガバナンスを徹底し、信認を得ること,4,「国家が長期投資に対する支持を訴える以上､財政に対するガバナンスを徹底し､信認を得ることが必要不可欠です」とあります。
ステップ３経済財政,財政ガバナンス強化のためにチームみらいが進める具体的な取り組みとして、文書に挙げられていないものはどれですか？,ブロードリスニングを通じた多様な視点の取り入れ,EBPMの取組強化による効果検証,国債発行額に厳格な上限を設定すること,公共投資の原資や使途に関する情報公開,3,具体策としてブロードリスニング、EBPM強化、情報公開が挙げられていますが、国債発行額の上限設定は直接的には記載されていません。
ステップ３経済財政,「フローではなく総合的な経済状況に応じた給付システム」を志向する際、デメリットとなり得る可能性があるのはどのような層ですか？,フローが多くストックが少ない勤労者,フローが僅少でストックが大きい資産生活者,フローもストックも少ない低所得者層,フローもストックも多い富裕層,2,「フロー(給与所得等)ではなく総合的な経済状況に応じた給付システム｣を志向する際､(給付原資が一定と仮定すれば) フローが僅少でストックが大きい資産生活者にとってはデメリットともなり得ます」と明記されています。
ステップ３医療,日本が直面している深刻な構造変化として、このマニフェストで言及されていないものはどれか？,世界でも類のない速さでの高齢化,急速な人口減少,国民皆保険制度の持続可能性への懸念,国際競争力の著しい低下,4,マニフェストでは、高齢化、人口減少、国民皆保険制度の持続可能性が課題として挙げられていますが、国際競争力の著しい低下については直接的な言及はありません。むしろ日本の技術力は強みとされています。
ステップ３医療,マニフェストが日本の強みとして挙げている項目に含まれないものはどれか？,高水準の治安と公衆衛生,「おもてなし」の精神,豊富な天然資源とエネルギー,医療やものづくりの分野で培われた技術力,3,マニフェストでは、治安、公衆衛生、おもてなし、技術力が強みとして挙げられていますが、豊富な天然資源とエネルギーについては言及されていません。
ステップ３医療,このマニフェストが目指す、日本の課題を成長に転換するための具体的なアプローチは何か？,海外からの大規模な労働力導入,「医療」への投資を通じた新たな戦略的産業の育成,基幹産業における規制緩和の徹底,全国民へのベーシックインカム導入,2,マニフェストでは、直面する課題を「医療」への投資という形で成長に転換し、高度な医療技術とサービスを融合させた新たな戦略的産業を育てていくことを目指しています。
ステップ３医療,日本の医療設備に関して、マニフェストで述べられている正しい記述はどれか？,CTやMRIの保有台数はOECD諸国の中で平均的である,粒子線治療施設の数は世界で最も多い,CTやMRIの保有台数はOECD諸国の中でもトップクラスである,高度医療機器の国内配備は他の先進国に比べて遅れている,3,マニフェストには「日本はCT、MRIの台数がOECDの中でもトップクラスを誇ります」と記載されています。
ステップ３医療,医療ツーリズムを展開する上での課題として、マニフェストで言及されていないものはどれか？,国内の医療資源への影響,医療従事者の専門性の不足,外国人患者のための通訳不足,医療滞在ビザの発給手続きの煩雑さ,2,マニフェストでは、国内医療資源への影響、通訳、ビザ、保険などが課題として挙げられていますが、医療従事者の専門性の不足については直接的な言及はありません。
ステップ３医療,医療ツーリズム推進のためのビザ制度に関する政策として、マニフェストで提案されている内容はどれか？,医療滞在ビザの発給要件を大幅に緩和し、登録医療機関を不要とする,医療滞在ビザの発給手続きを迅速化し、受診医療機関と治療期間を登録制にする,医療目的の渡航者にはビザを免除し、自由な医療アクセスを認める,医療滞在ビザの発給数を現状維持とし、国内医療への影響を最小限に抑える,2,マニフェストでは、医療滞在ビザ制度を再整備し、発給手続きを迅速化するとともに、ビザ申請時に受診医療機関と治療期間を登録する形にすることが提案されています。
ステップ３医療,医療ツーリズムで来日した旅行者の言語問題や未収金トラブルに対応するために、マニフェストが提案している支援策は何か？,外国人患者専門の公的病院を全国に設置する,医療通訳の国家資格を創設し、配置を義務付ける,医療滞在費用の保証および未収金トラブルを回避するためのルールを整備する,トラブルを起こした外国人患者の再入国を厳しく制限する,3,マニフェストでは、「医療滞在費用の保証および未収金トラブルを回避するためのルールを整備します」と記載されています。
ステップ３医療,医療ツーリズムによって得られた収益の活用方法として、マニフェストで提案されている仕組みはどれか？,全額を国の一般財源として活用する,収益の一部を地域医療振興のための費用として拠出してもらう,医療ツーリズム関連企業への減税措置に充当する,海外の医療研究機関への投資資金とする,2,マニフェストでは、医療ツーリズムによる収益の一部を地域医療振興に当てる費用として拠出してもらい、地域の救急体制や医療機器更新などに利用する仕組みが提案されています。
国政政党成立後100日プラン,国政政党成立後100日プランにおいて、最初に組織する「永田町エンジニアチーム」の規模と主な資金源は何ですか？,100名規模、企業献金,10名規模、政党交付金,3名規模、クラウドファンディング,50名規模、党員の寄付,2,文書には「10名規模の技術者集団（永田町エンジニアチーム）を組織する」「政党交付金を永田町のエンジニアチームを組織するために活用」と記載されています。
国政政党成立後100日プラン,「永田町エンジニアチーム」に加えて組織される、より多くの人々の協力を仰ぐためのコミュニティの規模と特徴は何ですか？,10名規模のクローズドな専門家チーム,1000名規模のボランティアサポーター組織,100名規模のオープンソース・コミュニティ,50名規模の政策アドバイザーグループ,3,文書には「加えて、100名規模のオープンソース・コミュニティを組織する」「チームみらいが作るのはOSSであるため、通常のスタートアップと違って、多くの人たちの協力を更に仰ぐことができる」と記載されています。
国政政党成立後100日プラン,他党や自治体との連携推進の一環として立ち上げる「オープンな超党派議連」の主な目的は何ですか？,全ての政策について党派を超えた合意形成を目指すため,特定の業界団体との連携を強化するため,国際的な技術協力の枠組みを構築するため,AI政策についてオープンかつ国民的な検討を進めるため,4,文書には「（政策面連携）AI政策についてオープンかつ国民的な検討を進めるためのオープンな超党派議連を立ち上げる」と記載されています。
国政政党成立後100日プラン,「スモールチームでも出来る”社会実装”」の一環として提案されている「認証機構付きの意見募集システム」で、多数派工作に対してより頑健にするために活用が検討されている認証方法は何ですか？,マイナンバーカード認証,SNSアカウント認証,メールアドレス認証,指紋認証,1,文書には「マイナンバーカード認証付きの意見募集プラットフォームがあればより多数派工作に対して頑健になる」と記載されています。
国政のその他重要分野,チームみらいがガソリン税の暫定税率に関して提案している主な方針は何ですか？,暫定税率をさらに引き上げ、税収を環境対策に充てる,暫定税率を廃止し、生活者と物流業界の負担を軽減する,暫定税率を維持しつつ、低所得者層への補助金を拡充する,暫定税率の是非については国民投票で決定する,2,文書には「ガソリン税の暫定税率を廃止してガソリンにかかる負担を抑え、生活者と物流業界を支えます」と明記されています。
国政のその他重要分野,チームみらいがコメの価格安定化のために提案する主な手段は何ですか？,生産者への直接補助金を大幅に増額する,輸入米の自由化を推進し、市場競争を促進する,コメの流通をデジタル管理し、政府備蓄米情報をリアルタイム公開する,コメの消費税を撤廃し、消費者の負担を軽減する,3,文書には「コメの生産から消費までのトレーサビリティ（流通履歴追跡）をデジタル管理する制度を導入」「政府備蓄米の入札情報や流通状況については、リアルタイムのデジタル公開を実施」と記載されています。
国政のその他重要分野,チームみらいが地方のインフラ老朽化と土木事業者不足に対応するために推進するものは何ですか？,海外からの建設労働者の大規模な受け入れを促進する,全てのインフラを最新のものに建て替える大規模公共事業を計画する,ドローンやセンサーを活用したインフラの点検・監視とAIによる分析を導入する,インフラ維持管理予算の大幅な削減と完全民営化を目指す,3,文書には「ドローン・センサーを活用したインフラの定期的な点検・監視を導入・推進します」「老朽化の進んだ施設をAIが予測・分析することで、重点的かつ効果的な改修・修繕を実施します」とあります。
国政のその他重要分野,憲法に関して、チームみらいが堅持すると明言している3つの基本原理に含まれないものはどれですか？,国民主権,基本的人権の尊重,平和主義,天皇の元首化,4,文書では「国民主権」「基本的人権の尊重」「平和主義」を堅持すると明記されており、「天皇の元首化」については言及されていません。
国政のその他重要分野,チームみらいが外交カードとして活用しようとしている「AI立国」構想の具体的な内容はどれですか？,AI兵器を積極的に開発し、軍事的な優位性を確立する,AIによる国民監視システムを構築し、国内の治安を強化する,先進的なAI研究開発・利用基盤を整備し、国際的な規範づくりをリードする,全ての行政サービスをAIに置き換え、行政コストを大幅に削減する,3,文書には「先進的なAI研究開発・利用基盤をいち早く整備し、外交カードとして積極的に活用します」「AIに関する国際的な規範づくりを日本がリードし、国際社会におけるプレゼンス強化を実現します」とあります。
国政のその他重要分野,チームみらいが推進する災害対策の特徴として、文書で述べられているものはどれですか？,公助のみに頼った中央集権型の災害対策を強化する,テクノロジーを活用し、公助を補完する分散型・自助の災害対策を進める,伝統的な地域コミュニティの力のみを重視したアナログな対策を推奨する,海外からの支援に全面的に依存する国際協力型の対策を構築する,2,文書には「テクノロジーを活用し、公助を補完する分散型・自助の災害対策を進める」と記載されています。
国政のその他重要分野,チームみらいがカーボン・ニュートラルの実現に向けて実施する支援策として、文書に記載されているものはどれですか？,国内の全企業に対する再生可能エネルギー導入の厳格な義務化,化石燃料を使用する企業への高額な炭素税制度の即時導入,カーボン・ニュートラル技術の開発支援と新興国向けの技術移転支援,原子力発電所の新設を積極的に推進し、CO2排出量を削減する,3,文書には「日本企業のカーボン・ニュートラル技術の開発を支援しつつ、日本の先進技術が新興国でも用いられるよう、積極的な支援を実施します」と明記されています。
国政のその他重要分野,本マニフェストの「その他重要分野」で示される政策・ビジョンが目指す、党の全体的なビジョンは何ですか？,経済成長率で世界一を達成し、強い日本を取り戻す,テクノロジーで誰も取り残さない日本をつくる,伝統文化を絶対的に重んじる保守的な国家を建設する,完全な自由競争に基づく小さな政府と市場経済を確立する,2,文書冒頭の「その他重要分野についての考え方」に「『テクノロジーで誰も取り残さない日本をつくる』という党のビジョンを実現するために」と記載されています。
改善提案の反映方針,チームみらいが改善提案を取り入れる際の前提条件として、**適切でないもの**は次のうちどれですか？,チームみらいのミッション・ビジョンに合っていること,マニフェストの大きな方向性と一致していること,提案者がチームみらいの党員であること,実行可能であること,3,文書には、提案者が党員であることは前提条件として記載されていません。ミッション・ビジョンへの合致、方向性の一致、実行可能性が前提です。
改善提案の反映方針,チームみらいが目指す「テクノロジーで誰も取り残さない日本をつくる」ために、特に重視していることは何ですか？,全ての国民に最新のテクノロジー機器を配布すること,テクノロジーを活用して人々の選択肢を増やし、しなやかな仕組みをつくり、成長する日本の未来を描くこと,AI技術のみに特化して開発を進めること,海外の成功事例をそのまま日本に導入すること,2,文書には「テクノロジーを活用して人々の選択肢を増やし、しなやかな仕組みをつくり、成長する日本の未来を描くこと」が大きな方向性として示されています。
改善提案の反映方針,改善提案に具体性や裏付けが不足している場合、チームみらいはどのように対応するとしていますか？,具体性がない提案は原則として受け付けない,提案者に具体化するまで再提出を求める,チームみらいのメンバーで追加の検討を行い、より良い形で反映できるように努める,AIが自動的に具体性を補完する,3,文書には「素晴らしいアイデアだけれども少し具体性が足りない場合や、さらに情報が必要な場合などは、チームみらいのメンバーで追加の検討を行い、より良い形で反映できるように努めます」と記載されています。
改善提案の反映方針,改善提案の整理・可視化におけるAIの役割について、正しい説明はどれですか？,AIが改善提案の採用・不採用を最終的に判断する,AIは提案内容の客観性を評価し、点数付けを行う,AIは人間の意思決定をサポートするツールであり、採用・不採用の判断は人間が行う,AIは提案者との間で自動的に質疑応答を行う,3,文書には「AIが改善提案の採用・不採用の判断をしているわけではない、ということです。人間が意思決定をするためのサポートとしてAIを活用しています」と明記されています。
改善提案の反映方針,マニフェスト修正の最終的な意思決定は誰が行いますか？,AIシステム,各テーマ担当者の合議,党首である安野たかひろ,改善提案を提出した市民の投票,3,文書には「チームが作成した反映方針を、党首である安野たかひろが一件ずつ確認し、最終的な意思決定を行います」と記載されています。
改善提案の反映方針,同じ部分に対して複数の異なる改善提案があった場合、チームみらいはどのように対応することがありますか？,最も多くの支持を得た提案のみを採用する,各提案を個別に少しずつ反映する,個々の提案の趣旨を踏まえ、チームみらいがそれらをまとめた新しい改善案（プルリクエスト）を作成する,提案者同士で議論させ、一つの案にまとめてもらう,3,文書には「個々のご提案の趣旨を踏まえ、私たちの方でそれらをまとめた新しい改善案（プルリクエスト）を作成し、政策に反映する手法をとります」と記載されています。
改善提案の反映方針,チームみらいへの意見提出方法について、文書で述べられている内容として正しいものはどれですか？,GitHubや「いどばたシステム」経由のプルリクエスト以外での意見は受け付けていない,ミートアップやSNSでの意見も収集し、政策改善に活かす予定である,意見提出は匿名ではできず、必ず実名を明記する必要がある,専門家からのヒアリングは行わない方針である,2,文書では、GitHubや「いどばたシステム」以外にも、ミートアップ、SNS、専門家ヒアリングなど、意見募集経路を充実させていく方針が示されています。
改善提案の反映方針,この「マニフェスト改善提案への対応方針」のドキュメント自体について、チームみらいはどのようなスタンスを取っていますか？,この方針は最終決定であり、変更は受け付けない,この方針への改善提案も受け付けている,この方針に関する意見は党員のみが提出できる,この方針は専門家チームによってのみ改訂される,2,文書の冒頭に「なお、マニフェストの他パートと同様、こちらの対応方針についても皆様からの改善提案は受け付けております。」と記載されています。
